party,total_votes,seniority,ideal_point,rss_url,domain,votes_with_party_pct,facebook_id,google_entity_id,id,state,facebook_account,missed_votes,url,missed_votes_pct,api_uri,thomas_id,middle_name,first_name,last_name,fullname,dw_nominate,next_election,total_present,twitter_account
R,502,13,,http://www.alexander.senate.gov/public/?a=RSS.Feed,,85.45,89927603836,kg:/m/01rbs3,A000360,TN,senatorlamaralexander,14,http://www.alexander.senate.gov,2.79,https://api.propublica.org/congress/v1/members/A000360.json,1695,,Lamar,Alexander,Lamar Alexander,,2020,0,SenAlexander
R,502,5,,http://www.ayotte.senate.gov/rss/,,79.39,1.23436E+14,kg:/m/0g9g4r,A000368,NH,kellyayottenh,7,http://www.ayotte.senate.gov,1.39,https://api.propublica.org/congress/v1/members/A000368.json,2075,,Kelly,Ayotte,Kelly Ayotte,,2016,0,KellyAyotte
R,502,5,,http://www.blunt.senate.gov/public/?a=RSS.Feed,,90.83,1.42473E+14,kg:/m/034fn4,B000575,MO,SenatorBlunt,22,http://www.blunt.senate.gov,4.38,https://api.propublica.org/congress/v1/members/B000575.json,1464,,Roy,Blunt,Roy Blunt,,2016,0,RoyBlunt
D,502,23,,https://www.boxer.senate.gov/rss/?p=release,www.boxer.senate.gov,93.56,1.16513E+14,kg:/m/01c1n5,B000711,CA,senatorboxer,67,https://www.boxer.senate.gov,13.35,https://api.propublica.org/congress/v1/members/B000711.json,116,,Barbara,Boxer,Barbara Boxer,,2016,0,SenatorBoxer
D,502,9,,http://www.brown.senate.gov/rss/feeds/?type=all&amp;,www.brown.senate.gov,93.48,,kg:/m/034s80,B000944,OH,,11,http://www.brown.senate.gov,2.19,https://api.propublica.org/congress/v1/members/B000944.json,136,,Sherrod,Brown,Sherrod Brown,,2018,0,SenSherrodBrown
R,502,11,,,burr.senate.gov,91.78,1.32654E+14,kg:/m/03g_s9,B001135,NC,SenatorRichardBurr,3,http://www.burr.senate.gov,0.6,https://api.propublica.org/congress/v1/members/B001135.json,153,M.,Richard,Burr,Richard Burr,,2016,0,SenatorBurr
D,502,3,,http://www.baldwin.senate.gov/rss/feeds/?type=all,baldwin.senate.gov,94.42,7357041101,kg:/m/024v02,B001230,WI,TammyBaldwin,0,http://www.baldwin.senate.gov,0,https://api.propublica.org/congress/v1/members/B001230.json,1558,,Tammy,Baldwin,Tammy Baldwin,,2018,0,SenatorBaldwin
R,502,5,,http://www.boozman.senate.gov/public/index.cfm/rss/feed,,93.57,7686715735,kg:/m/024s3v,B001236,AR,JohnBoozman,4,http://www.boozman.senate.gov,0.8,https://api.propublica.org/congress/v1/members/B001236.json,1687,,John,Boozman,John Boozman,,2016,0,JohnBoozman
R,502,9,,,www.barrasso.senate.gov,93.21,21146775942,kg:/m/02rsm32,B001261,WY,johnbarrasso,1,http://www.barrasso.senate.gov,0.2,https://api.propublica.org/congress/v1/members/B001261.json,1881,,John,Barrasso,John Barrasso,,2018,0,SenJohnBarrasso
D,502,7,,,,90.44,97172997732,kg:/m/05b60qf,B001267,CO,senatorbennet,0,https://www.bennet.senate.gov,0,https://api.propublica.org/congress/v1/members/B001267.json,1965,,Michael,Bennet,Michael Bennet,,2016,0,SenBennetCo
D,502,5,,http://www.blumenthal.senate.gov/rss/feeds/?type=press,,96.2,2.89987E+14,kg:/m/03tg8m,B001277,CT,SenBlumenthal,2,http://www.blumenthal.senate.gov,0.4,https://api.propublica.org/congress/v1/members/B001277.json,2076,,Richard,Blumenthal,Richard Blumenthal,,2016,0,SenBlumenthal
D,502,3,,http://www.booker.senate.gov/rss/,www.booker.senate.gov/,94.74,,kg:/m/06p430,B001288,NJ,,8,http://www.booker.senate.gov,1.59,https://api.propublica.org/congress/v1/members/B001288.json,2194,,Cory,Booker,Cory Booker,,2020,0,CoryBooker
D,502,15,,,www.cantwell.senate.gov,93.63,,kg:/m/01x68t,C000127,WA,,0,http://www.cantwell.senate.gov,0,https://api.propublica.org/congress/v1/members/C000127.json,172,,Maria,Cantwell,Maria Cantwell,,2018,0,CantwellPress
D,502,9,,,www.cardin.senate.gov,95.82,1.20422E+14,kg:/m/025k3k,C000141,MD,senatorbencardin,0,https://www.cardin.senate.gov,0,https://api.propublica.org/congress/v1/members/C000141.json,174,L.,Benjamin,Cardin,Benjamin Cardin,,2018,0,SenatorCardin
D,502,15,,http://www.carper.senate.gov/public/index.cfm/rss/feed,www.carper.senate.gov,89.57,1.24891E+14,kg:/m/01xw7t,C000174,DE,tomcarper,13,http://www.carper.senate.gov,2.59,https://api.propublica.org/congress/v1/members/C000174.json,179,R.,Thomas,Carper,Thomas Carper,,2018,0,SenatorCarper
R,502,5,,http://www.coats.senate.gov/rss/feeds/?type=press,,90.76,1.80671E+14,kg:/m/0jl26,C000542,IN,1.80671E+14,15,http://www.coats.senate.gov,2.99,https://api.propublica.org/congress/v1/members/C000542.json,209,,Daniel,Coats,Daniel Coats,,2016,0,SenDanCoats
R,502,37,,http://www.cochran.senate.gov/public/index.cfm/rss/taggedfeed?Type=news-releases&amp;region=&amp;issue=,,89.88,,kg:/m/01fmcd,C000567,MS,,8,http://www.cochran.senate.gov,1.59,https://api.propublica.org/congress/v1/members/C000567.json,213,,Thad,Cochran,Thad Cochran,,2020,0,SenThadCochran
R,502,17,,,crapo.senate.gov,89.21,80335332266,kg:/m/021pgp,C000880,ID,mikecrapo,11,http://www.crapo.senate.gov,2.19,https://api.propublica.org/congress/v1/members/C000880.json,250,D.,Michael,Crapo,Michael Crapo,,2016,0,MikeCrapo
R,502,19,,https://www.collins.senate.gov/?q=rss.xml,,73.9,7593313361,kg:/m/020y8m,C001035,ME,susancollins,0,https://www.collins.senate.gov,0,https://api.propublica.org/congress/v1/members/C001035.json,1541,,Susan,Collins,Susan Collins,,2020,0,SenatorCollins
R,502,1,,,,88.55,8057864757,kg:/m/024pwq,C001047,WV,8057864757,4,https://www.capito.senate.gov,0.8,https://api.propublica.org/congress/v1/members/C001047.json,1676,Moore,Shelley,Capito,Shelley Capito,,2020,0,SenCapito
R,502,13,,,cornyn.senate.gov,92.49,75755694423,kg:/m/01xcqs,C001056,TX,sen.johncornyn,9,https://www.cornyn.senate.gov,1.79,https://api.propublica.org/congress/v1/members/C001056.json,1692,,John,Cornyn,John Cornyn,,2020,0,JohnCornyn
D,502,9,,https://www.casey.senate.gov/rss/feeds/?all,www.casey.senate.gov,91.75,1.0775E+14,kg:/m/047ymw,C001070,PA,SenatorBobCasey,5,https://www.casey.senate.gov,1,https://api.propublica.org/congress/v1/members/C001070.json,1828,,Bob,Casey,Bob Casey,,2018,0,SenBobCasey
R,502,9,,http://www.corker.senate.gov/public/index.cfm/rss/feed,www.corker.senate.gov,88.11,1.09251E+14,kg:/m/0d9fz3,C001071,TN,bobcorker,14,http://www.corker.senate.gov,2.79,https://api.propublica.org/congress/v1/members/C001071.json,1825,,Bob,Corker,Bob Corker,,2018,0,SenBobCorker
R,502,1,,,www.cassidy.senate.gov,92.94,,kg:/m/0286t7r,C001075,LA,,6,http://www.cassidy.senate.gov,1.2,https://api.propublica.org/congress/v1/members/C001075.json,1925,,Bill,Cassidy,Bill Cassidy,,2020,0,BillCassidy
D,502,7,,https://www.coons.senate.gov/rss/feeds/?type=press,,95.45,2.54951E+14,kg:/m/082d3d,C001088,DE,senatorchriscoons,18,https://www.coons.senate.gov,3.59,https://api.propublica.org/congress/v1/members/C001088.json,1984,A.,Christopher,Coons,Christopher Coons,,2020,0,SenCoonsOffice
R,502,1,,https://www.cotton.senate.gov/rss/,,90.98,1.20356E+14,kg:/m/02g3ds,C001095,AR,RepTomCotton,14,https://www.cotton.senate.gov,2.79,https://api.propublica.org/congress/v1/members/C001095.json,2098,,Tom,Cotton,Tom Cotton,,2020,0,SenTomCotton
R,502,3,,https://www.cruz.senate.gov/rss/,cruz.senate.gov,79.71,3.15496E+14,kg:/m/07j6ty,C001098,TX,SenatorTedCruz,162,https://www.cruz.senate.gov,32.27,https://api.propublica.org/congress/v1/members/C001098.json,2175,,Ted,Cruz,Ted Cruz,,2018,0,SenTedCruz
D,502,19,,,www.durbin.senate.gov,95.93,1.80437E+14,kg:/m/01xcd1,D000563,IL,SenatorDurbin,11,http://www.durbin.senate.gov,2.19,https://api.propublica.org/congress/v1/members/D000563.json,326,J.,Richard,Durbin,Richard Durbin,,2020,0,SenatorDurbin
D,502,3,,http://www.donnelly.senate.gov/rss/feeds/?press,www.donnelly.senate.gov,78.71,1.6806E+14,kg:/m/0gmx64,D000607,IN,senatordonnelly,4,http://www.donnelly.senate.gov,0.8,https://api.propublica.org/congress/v1/members/D000607.json,1850,,Joe,Donnelly,Joe Donnelly,,2018,0,SenDonnelly
R,502,1,,,,89.24,1.85361E+14,kg:/m/03qlc5t,D000618,MT,SteveDainesMT,0,https://www.daines.senate.gov,0,https://api.propublica.org/congress/v1/members/D000618.json,2138,,Steve,Daines,Steve Daines,,2020,0,SteveDaines
R,502,19,,http://www.enzi.senate.gov/public/index.cfm/rss/feed,,91.96,23068049436,kg:/m/021ph1,E000285,WY,mikeenzi,17,http://www.enzi.senate.gov,3.39,https://api.propublica.org/congress/v1/members/E000285.json,1542,B.,Michael,Enzi,Michael Enzi,,2020,0,SenatorEnzi
R,502,1,,,,93.43,,kg:/m/0gg4wkg,E000295,IA,,0,http://www.ernst.senate.gov,0,https://api.propublica.org/congress/v1/members/E000295.json,2283,,Joni,Ernst,Joni Ernst,,2020,0,senjoniernst
D,502,23,,http://www.feinstein.senate.gov/public/?a=rss.feed,www.feinstein.senate.gov,92.43,3.34887E+14,kg:/m/01gqws,F000062,CA,senatorfeinstein,13,http://www.feinstein.senate.gov,2.59,https://api.propublica.org/congress/v1/members/F000062.json,1332,,Dianne,Feinstein,Dianne Feinstein,,2018,0,SenFeinstein
R,502,3,,http://www.flake.senate.gov/public/?a=rss.feed,flake.senate.gov,85.45,,kg:/m/024p7j,F000444,AZ,senatorjeffflake,21,http://www.flake.senate.gov,4.18,https://api.propublica.org/congress/v1/members/F000444.json,1633,,Jeff,Flake,Jeff Flake,,2018,0,JeffFlake
D,502,7,,https://www.franken.senate.gov/rss/,,94.88,,kg:/m/01lct6,F000457,MN,,14,https://www.franken.senate.gov,2.79,https://api.propublica.org/congress/v1/members/F000457.json,1969,,Al,Franken,Al Franken,,2020,0,
R,502,3,,,fischer.senate.gov,94.42,5.31624E+14,kg:/m/0c4cp0,F000463,NE,senatordebfischer,0,http://www.fischer.senate.gov,0,https://api.propublica.org/congress/v1/members/F000463.json,2179,,Deb,Fischer,Deb Fischer,,2018,0,SenatorFischer
R,502,13,,http://www.lgraham.senate.gov/public/?a=rss.feed,,83.64,2.57938E+11,kg:/m/01_pdg,G000359,SC,USSenatorLindseyGraham,123,http://www.lgraham.senate.gov,24.5,https://api.propublica.org/congress/v1/members/G000359.json,452,,Lindsey,Graham,Lindsey Graham,,2020,0,GrahamBlog
R,502,35,,http://www.grassley.senate.gov/?q=rss.xml,,92.43,1.06481E+11,kg:/m/020ymy,G000386,IA,grassley,0,http://www.grassley.senate.gov,0,https://api.propublica.org/congress/v1/members/G000386.json,457,E.,Charles,Grassley,Charles Grassley,,2016,0,ChuckGrassley
D,502,7,,,www.gillibrand.senate.gov,94,,kg:/m/0gnfc4,G000555,NY,,2,http://www.gillibrand.senate.gov,0.4,https://api.propublica.org/congress/v1/members/G000555.json,1866,E.,Kirsten,Gillibrand,Kirsten Gillibrand,,2018,0,SenGillibrand
R,502,1,,,,89.61,1.60925E+14,kg:/m/0czd33q,G000562,CO,CongressmanGardner,11,http://www.gardner.senate.gov,2.19,https://api.propublica.org/congress/v1/members/G000562.json,1998,,Cory,Gardner,Cory Gardner,,2020,0,SenCoryGardner
R,502,39,,http://www.hatch.senate.gov/public/index.cfm/rss/feed,www.hatch.senate.gov,90.78,,kg:/m/016mj4,H000338,UT,,3,http://www.hatch.senate.gov,0.6,https://api.propublica.org/congress/v1/members/H000338.json,1351,G.,Orrin,Hatch,Orrin Hatch,,2018,1,SenOrrinHatch
R,502,5,,,www.heller.senate.gov,80.49,3.25751E+11,kg:/m/0g92xz,H001041,NV,SenDeanHeller,15,http://www.heller.senate.gov,2.99,https://api.propublica.org/congress/v1/members/H001041.json,1863,,Dean,Heller,Dean Heller,,2018,0,SenDeanHeller
D,502,3,,https://www.hirono.senate.gov/rss/feeds/,hirono.senate.gov,96.41,,kg:/m/0357cd,H001042,HI,,1,https://www.hirono.senate.gov,0.2,https://api.propublica.org/congress/v1/members/H001042.json,1844,K.,Mazie,Hirono,Mazie Hirono,,2018,0,MazieHirono
D,502,3,,,heinrich.senate.gov,94.59,1.37523E+11,kg:/m/02qkv0r,H001046,NM,MartinHeinrich,3,http://www.heinrich.senate.gov,0.6,https://api.propublica.org/congress/v1/members/H001046.json,1937,,Martin,Heinrich,Martin Heinrich,,2018,0,MartinHeinrich
R,502,5,,,www.hoeven.senate.gov/public/,92.34,1.94483E+14,kg:/m/01qb45,H001061,ND,SenatorJohnHoeven,6,http://www.hoeven.senate.gov,1.2,https://api.propublica.org/congress/v1/members/H001061.json,2079,,John,Hoeven,John Hoeven,,2016,0,SenJohnHoeven
D,502,3,,,www.heitkamp.senate.gov,78.6,5.01811E+14,kg:/m/02f501,H001069,ND,SenatorHeidiHeitkamp,2,http://www.heitkamp.senate.gov,0.4,https://api.propublica.org/congress/v1/members/H001069.json,2174,,Heidi,Heitkamp,Heidi Heitkamp,,2018,0,SenatorHeitkamp
R,502,23,,,www.inhofe.senate.gov,93.25,55018309421,kg:/m/021kpl,I000024,OK,jiminhofe,13,http://www.inhofe.senate.gov,2.59,https://api.propublica.org/congress/v1/members/I000024.json,583,M.,James,Inhofe,James Inhofe,,2020,0,InhofePress
R,502,11,,http://www.isakson.senate.gov/public/?a=RSS.Feed,,92.74,,kg:/m/02556q,I000055,GA,,6,http://www.isakson.senate.gov,1.2,https://api.propublica.org/congress/v1/members/I000055.json,1608,,Johnny,Isakson,Johnny Isakson,,2016,0,SenatorIsakson
R,502,5,,,www.ronjohnson.senate.gov,92.59,1.86182E+14,kg:/m/0cmdpzc,J000293,WI,senronjohnson,16,http://www.ronjohnson.senate.gov,3.19,https://api.propublica.org/congress/v1/members/J000293.json,2086,,Ron,Johnson,Ron Johnson,,2016,0,SenRonJohnson
R,502,7,,https://www.kirk.senate.gov/rss/,,77.07,1.16382E+14,kg:/m/0256rr,K000360,IL,SenatorKirk,31,https://www.kirk.senate.gov,6.18,https://api.propublica.org/congress/v1/members/K000360.json,1647,Steven,Mark,Kirk,Mark Kirk,,2016,0,SenatorKirk
D,502,9,,,klobuchar.senate.gov,94.13,,kg:/m/05fbpt,K000367,MN,,8,http://www.klobuchar.senate.gov,1.59,https://api.propublica.org/congress/v1/members/K000367.json,1826,,Amy,Klobuchar,Amy Klobuchar,,2018,0,amyklobuchar
I,502,3,,http://www.king.senate.gov/rss/feeds/?type=all,king.senate.gov,88.39,1.42803E+14,kg:/m/02hfx0,K000383,ME,SenatorAngusSKingJr,11,http://www.king.senate.gov,2.19,https://api.propublica.org/congress/v1/members/K000383.json,2185,,Angus,King,Angus King,,2018,0,SenAngusKing
D,502,3,,http://www.kaine.senate.gov/rss/feeds/,kaine.senate.gov,91.56,4.82779E+14,kg:/m/053f8h,K000384,VA,SenatorKaine,16,http://www.kaine.senate.gov,3.19,https://api.propublica.org/congress/v1/members/K000384.json,2176,,Tim,Kaine,Tim Kaine,,2018,0,timkaine
D,502,41,,,,95.34,1.78569E+14,kg:/m/0202kf,L000174,VT,SenatorPatrickLeahy,8,http://www.leahy.senate.gov,1.59,https://api.propublica.org/congress/v1/members/L000174.json,1383,J.,Patrick,Leahy,Patrick Leahy,,2016,0,SenatorLeahy
R,502,1,,,,87.82,1.30873E+14,kg:/m/0dgrrx6,L000575,OK,RepLankford,1,http://www.lankford.senate.gov,0.2,https://api.propublica.org/congress/v1/members/L000575.json,2050,,James,Lankford,James Lankford,,2020,0,SenatorLankford
R,502,5,,,www.lee.senate.gov,73.61,1.78081E+14,kg:/m/09v5q9x,L000577,UT,senatormikelee,36,http://www.lee.senate.gov,7.17,https://api.propublica.org/congress/v1/members/L000577.json,2080,,Mike,Lee,Mike Lee,,2016,0,SenMikeLee
D,502,3,,http://www.markey.senate.gov/rss/feeds/,markey.senate.gov,92.71,6846731378,kg:/m/028vr4,M000133,MA,EdJMarkey,8,http://www.markey.senate.gov,1.59,https://api.propublica.org/congress/v1/members/M000133.json,735,J.,Edward,Markey,Edward Markey,,2020,0,SenMarkey
R,502,29,,http://www.mccain.senate.gov/public/?a=rss.feed,www.mccain.senate.gov,89.75,6425923706,kg:/m/0bymv,M000303,AZ,johnmccain,14,http://www.mccain.senate.gov,2.79,https://api.propublica.org/congress/v1/members/M000303.json,754,,John,McCain,John McCain,,2016,0,SenJohnMcCain
R,502,31,,http://www.mcconnell.senate.gov/public/?a=RSS.Feed,,87.05,,kg:/m/01z6ls,M000355,KY,mitchmcconnell,0,http://www.mcconnell.senate.gov,0,https://api.propublica.org/congress/v1/members/M000355.json,1395,,Mitch,McConnell,Mitch McConnell,,2020,0,McConnellPress
D,502,10,,http://www.menendez.senate.gov/rss/feeds/,menendez.senate.gov,92.49,3.49745E+11,kg:/m/033d3p,M000639,NJ,senatormenendez,9,http://www.menendez.senate.gov,1.79,https://api.propublica.org/congress/v1/members/M000639.json,791,,Robert,Menendez,Robert Menendez,,2018,0,SenatorMenendez
D,502,29,,http://www.mikulski.senate.gov/rss/feeds/?press,,95.79,1.4289E+14,kg:/m/0206nm,M000702,MD,SenatorMikulski,27,http://www.mikulski.senate.gov,5.38,https://api.propublica.org/congress/v1/members/M000702.json,802,A.,Barbara,Mikulski,Barbara Mikulski,,2016,0,SenatorBarb
R,502,5,,,www.moran.senate.gov/public/,88.41,1.71579E+11,kg:/m/024s8t,M000934,KS,jerrymoran,19,http://www.moran.senate.gov,3.78,https://api.propublica.org/congress/v1/members/M000934.json,1507,,Jerry,Moran,Jerry Moran,,2016,0,JerryMoran
D,502,23,,http://www.murray.senate.gov/public/?a=RSS.Feed,,93.75,,kg:/m/018qx5,M001111,WA,,6,http://www.murray.senate.gov,1.2,https://api.propublica.org/congress/v1/members/M001111.json,1409,,Patty,Murray,Patty Murray,,2016,0,PattyMurray
R,502,15,,,,81.7,25271170290,kg:/m/0202kt,M001153,AK,SenLisaMurkowski,21,https://www.murkowski.senate.gov,4.18,https://api.propublica.org/congress/v1/members/M001153.json,1694,,Lisa,Murkowski,Lisa Murkowski,,2016,0,LisaMurkowski
D,502,3,,http://www.murphy.senate.gov/rss/feeds/?press,murphy.senate.gov,94.99,,kg:/m/0cy_dh,M001169,CT,chrismurphyct,3,http://www.murphy.senate.gov,0.6,https://api.propublica.org/congress/v1/members/M001169.json,1837,S.,Christopher,Murphy,Christopher Murphy,,2018,0,ChrisMurphyCT
D,502,9,,http://www.mccaskill.senate.gov/rss/feeds/?press,www.mccaskill.senate.gov,85.42,1.31498E+11,kg:/m/040_w4,M001170,MO,senatormccaskill,22,http://www.mccaskill.senate.gov,4.38,https://api.propublica.org/congress/v1/members/M001170.json,1820,,Claire,McCaskill,Claire McCaskill,,2018,0,clairecmc
D,502,7,,https://www.merkley.senate.gov/rss/feeds/,,92.15,74374931545,kg:/m/026k60f,M001176,OR,jeffmerkley,5,https://www.merkley.senate.gov,1,https://api.propublica.org/congress/v1/members/M001176.json,1900,,Jeff,Merkley,Jeff Merkley,,2020,0,SenJeffMerkley
D,502,7,,http://www.manchin.senate.gov/public/index.cfm/rss/feed,www.manchin.senate.gov,70.99,1.01501E+16,kg:/m/04lc5t,M001183,WV,JoeManchinIII,9,http://www.manchin.senate.gov,1.79,https://api.propublica.org/congress/v1/members/M001183.json,1983,,Joe,Manchin III,Joe Manchin III,,2018,0,Sen_JoeManchin
D,502,15,,,billnelson.senate.gov,92.34,,kg:/m/01_pb_,N000032,FL,,32,https://www.billnelson.senate.gov,6.37,https://api.propublica.org/congress/v1/members/N000032.json,859,,Bill,Nelson,Bill Nelson,,2018,0,SenBillNelson
R,502,5,,http://www.portman.senate.gov/public/index.cfm/rss/feed,,84.65,45243961073,kg:/m/0343xg,P000449,OH,senrobportman,7,http://www.portman.senate.gov,1.39,https://api.propublica.org/congress/v1/members/P000449.json,924,,Rob,Portman,Rob Portman,,2016,0,SenRobPortman
D,502,1,,,peters.house.gov,95.35,88851604323,kg:/m/02x0lnt,P000595,MI,RepGaryPeters,7,http://www.peters.senate.gov,1.39,https://api.propublica.org/congress/v1/members/P000595.json,1929,,Gary,Peters,Gary Peters,,2020,0,SenGaryPeters
R,502,5,,https://www.paul.senate.gov/rss/feeds/,,74.9,1.61355E+14,kg:/m/05pdb7q,P000603,KY,SenatorRandPaul,24,https://www.paul.senate.gov,4.78,https://api.propublica.org/congress/v1/members/P000603.json,2082,,Rand,Paul,Rand Paul,,2016,1,RandPaul
R,502,1,,,,88.87,,kg:/m/03wp8v4,P000612,GA,,8,http://www.perdue.senate.gov,1.59,https://api.propublica.org/congress/v1/members/P000612.json,2286,,David,Perdue,David Perdue,,2020,0,sendavidperdue
D,502,19,,https://www.reed.senate.gov/rss/feeds/?type=press,,95.82,2.13866E+14,kg:/m/0202mc,R000122,RI,SenJackReed,0,http://www.reed.senate.gov,0,https://api.propublica.org/congress/v1/members/R000122.json,949,,Jack,Reed,Jack Reed,,2020,0,SenJackReed
D,502,29,,http://www.reid.senate.gov/press_releases/feed,www.reid.senate.gov,94.1,3.60249E+14,kg:/m/0204x1,R000146,NV,SenatorReid,61,http://www.reid.senate.gov,12.15,https://api.propublica.org/congress/v1/members/R000146.json,952,,Harry,Reid,Harry Reid,,2016,0,SenatorReid
R,502,19,,http://www.roberts.senate.gov/public/index.cfm?a=RSS.Feed,,94.09,2.05695E+14,kg:/m/01_pdv,R000307,KS,SenPatRoberts,11,http://www.roberts.senate.gov,2.19,https://api.propublica.org/congress/v1/members/R000307.json,968,,Pat,Roberts,Pat Roberts,,2020,0,SenPatRoberts
R,502,7,,,www.risch.senate.gov,88.96,,kg:/m/06y9p0,R000584,ID,,4,http://www.risch.senate.gov,0.8,https://api.propublica.org/congress/v1/members/R000584.json,1896,,Jim,Risch,Jim Risch,,2020,0,SenatorRisch
R,502,5,,http://www.rubio.senate.gov/public/?a=rss.feed,www.rubio.senate.gov/public/,89.28,1.78911E+14,kg:/m/0dpr5f,R000595,FL,SenatorMarcoRubio,157,http://www.rubio.senate.gov,31.27,https://api.propublica.org/congress/v1/members/R000595.json,2084,,Marco,Rubio,Marco Rubio,,2016,0,SenRubioPress
R,502,1,,,,91.72,,kg:/m/020z2p,R000605,SD,,7,http://www.rounds.senate.gov,1.39,https://api.propublica.org/congress/v1/members/R000605.json,2288,,Mike,Rounds,Mike Rounds,,2020,0,SenatorRounds
I,502,9,,http://www.sanders.senate.gov/rss/feeds/?press,www.sanders.senate.gov,89.14,9124187907,kg:/m/01_gbv,S000033,VT,senatorsanders,143,http://www.sanders.senate.gov,28.49,https://api.propublica.org/congress/v1/members/S000033.json,1010,,Bernard,Sanders,Bernard Sanders,,2018,0,SenSanders
D,502,17,,,www.schumer.senate.gov,95.4,15771239406,kg:/m/01w74d,S000148,NY,chuckschumer,2,https://www.schumer.senate.gov,0.4,https://api.propublica.org/congress/v1/members/S000148.json,1036,E.,Charles,Schumer,Charles Schumer,,2016,0,SenSchumer
R,502,29,,,,87.76,50850514797,kg:/m/020yj1,S000320,AL,RichardShelby,20,http://www.shelby.senate.gov,3.98,https://api.propublica.org/congress/v1/members/S000320.json,1049,C.,Richard,Shelby,Richard Shelby,,2016,0,SenShelby
D,502,15,,,www.stabenow.senate.gov,94.33,,kg:/m/01xh64,S000770,MI,,8,http://www.stabenow.senate.gov,1.59,https://api.propublica.org/congress/v1/members/S000770.json,1531,,Debbie,Stabenow,Debbie Stabenow,,2018,0,SenStabenow
R,502,19,,,sessions.senate.gov,88.32,23444159584,kg:/m/020yjg,S001141,AL,jeffsessions,14,http://www.sessions.senate.gov,2.79,https://api.propublica.org/congress/v1/members/S001141.json,1548,,Jeff,Sessions,Jeff Sessions,,2020,0,SenatorSessions
D,502,7,,,,93.78,1.27504E+14,kg:/m/01rrm2,S001181,NH,SenatorShaheen,4,http://www.shaheen.senate.gov,0.8,https://api.propublica.org/congress/v1/members/S001181.json,1901,,Jeanne,Shaheen,Jeanne Shaheen,,2020,0,SenatorShaheen
R,502,3,,https://www.scott.senate.gov/rss.xml,scott.senate.gov,89.41,1.63208E+14,kg:/m/0c407g6,S001184,SC,SenatorTimScott,11,https://www.scott.senate.gov,2.19,https://api.propublica.org/congress/v1/members/S001184.json,2056,,Tim,Scott,Tim Scott,,2016,0,SenatorTimScott
D,502,3,,http://www.schatz.senate.gov/rss/feeds/?press,,95.59,,kg:/m/0dd109,S001194,HI,SenBrianSchatz,3,http://www.schatz.senate.gov,0.6,https://api.propublica.org/congress/v1/members/S001194.json,2173,,Brian,Schatz,Brian Schatz,,2016,0,SenBrianSchatz
R,502,1,,http://www.sasse.senate.gov/public/?a=rss.feed,www.sasse.senate.gov,83.7,,kg:/m/0j5wk_6,S001197,NE,,5,http://www.sasse.senate.gov,1,https://api.propublica.org/congress/v1/members/S001197.json,2289,,Ben,Sasse,Ben Sasse,,2020,0,SenSasse
R,502,1,,,,91.15,1.49914E+15,kg:/m/07s4r4q,S001198,AK,SenDanSullivan,16,http://www.sullivan.senate.gov,3.19,https://api.propublica.org/congress/v1/members/S001198.json,2290,,Dan,Sullivan,Dan Sullivan,,2020,0,SenDanSullivan
R,502,11,,http://www.thune.senate.gov/public/?a=RSS.Feed,,92.97,,kg:/m/03ybyn,T000250,SD,,4,http://www.thune.senate.gov,0.8,https://api.propublica.org/congress/v1/members/T000250.json,1534,,John,Thune,John Thune,,2016,0,SenJohnThune
R,502,5,,http://www.toomey.senate.gov/rss/,,90.26,1.89274E+14,kg:/m/02_kk7,T000461,PA,senatortoomey,40,http://www.toomey.senate.gov,7.97,https://api.propublica.org/congress/v1/members/T000461.json,2085,J.,Patrick,Toomey,Patrick Toomey,,2016,0,SenToomey
D,502,9,,http://www.tester.senate.gov/rss/,www.tester.senate.gov,89.22,2.10573E+11,kg:/m/066cdp,T000464,MT,senatortester,1,http://www.tester.senate.gov,0.2,https://api.propublica.org/congress/v1/members/T000464.json,1829,,Jon,Tester,Jon Tester,,2018,0,SenatorTester
R,502,1,,,,91.98,,kg:/m/0fq0395,T000476,NC,,3,http://www.tillis.senate.gov,0.6,https://api.propublica.org/congress/v1/members/T000476.json,2291,,Thom,Tillis,Thom Tillis,,2020,0,SenThomTillis
D,502,8,,http://www.tomudall.senate.gov/rss/,,94.58,1.06434E+11,kg:/m/033t35,U000039,NM,senatortomudall,4,http://www.tomudall.senate.gov,0.8,https://api.propublica.org/congress/v1/members/U000039.json,1567,,Tom,Udall,Tom Udall,,2020,0,SenatorTomUdall
R,502,11,,,www.vitter.senate.gov,90.61,,kg:/m/025jr2,V000127,LA,,76,http://www.vitter.senate.gov,15.14,https://api.propublica.org/congress/v1/members/V000127.json,1609,,David,Vitter,David Vitter,,2016,0,DavidVitter
R,502,9,,,wicker.senate.gov,93.48,,kg:/m/025xxb,W000437,MS,SenatorWicker,11,http://www.wicker.senate.gov,2.19,https://api.propublica.org/congress/v1/members/W000437.json,1226,,Roger,Wicker,Roger Wicker,,2018,0,SenatorWicker
D,502,20,,,,91.73,,kg:/m/0178p9,W000779,OR,,6,https://www.wyden.senate.gov,1.2,https://api.propublica.org/congress/v1/members/W000779.json,1247,,Ron,Wyden,Ron Wyden,,2016,0,RonWyden
D,502,9,,https://www.whitehouse.senate.gov/rss/feeds/?type=all&amp;cachebuster=1,www.whitehouse.senate.gov,94.81,1.94173E+14,kg:/m/07qw94,W000802,RI,SenatorWhitehouse,1,http://www.whitehouse.senate.gov,0.2,https://api.propublica.org/congress/v1/members/W000802.json,1823,,Sheldon,Whitehouse,Sheldon Whitehouse,,2016,1,SenWhitehouse
D,502,7,,http://www.warner.senate.gov/public/?a=RSS.TaggedFeed&amp;Type=PressReleases,www.warner.senate.gov/public/,88.63,7935122852,kg:/m/024mm1,W000805,VA,MarkRWarner,36,http://www.warner.senate.gov,7.17,https://api.propublica.org/congress/v1/members/W000805.json,1897,,Mark,Warner,Mark Warner,,2020,0,MarkWarner
D,502,3,,http://www.warren.senate.gov/rss/,www.warren.senate.gov,91.83,1.31559E+14,kg:/m/01qh39,W000817,MA,senatorelizabethwarren,0,http://www.warren.senate.gov,0,https://api.propublica.org/congress/v1/members/W000817.json,2182,,Elizabeth,Warren,Elizabeth Warren,,2018,0,SenWarren